{
    "epoch": 2.998787878787879,
    "eval_loss": 1.4564319849014282,
    "eval_ppl": 4.290623176172531,
    "eval_runtime": 14.1631,
    "eval_samples": 100,
    "eval_samples_per_second": 7.061,
    "eval_steps_per_second": 1.765
}